파일 경로,종류,크기 (bytes),SHA-256
01_당근_공고_게시/01_현재_사이트_사진/01_당근홈_글쓰기.png,사진,480580,e5e959b9a6e8730d25d748d14882c534d357a4e63cea58b17f7697c1dd2271d1
01_당근_공고_게시/01_현재_사이트_사진/02_알바과외레슨_선택.png,사진,462750,33cd52cc5f70994c7d9073cf44d032c4686c1a8b5c5d2860daa211789999f7ef
01_당근_공고_게시/01_현재_사이트_사진/03_도와주실분_선택.png,사진,260385,42928c1550e277e8fe8a00aa4415e7ae55787f59f3887facdf50d14e68284e1b
01_당근_공고_게시/01_현재_사이트_사진/04_공고제목_작성.png,사진,173302,cef6650180dede55f0ae1639242c0fa041fd4845e9c1f813a0296d3879afb94b
01_당근_공고_게시/01_현재_사이트_사진/05_가사청소정리_선택.png,사진,177629,5987a7dccfc192611751d606e858aa7f2fe5eb99b740a3011515f0b604cf1a8a
01_당근_공고_게시/01_현재_사이트_사진/06_공고본문_작성.png,사진,154091,ceec4fde1531fea40664a8bb9fc18becee209ca8a90f8709748e14a655209dd2
01_당근_공고_게시/01_현재_사이트_사진/07_기간_정기적으로_선택.png,사진,79006,56ba6d8e7d5e848229bd4b991d3fad7bdb5e5cf55c729476ef9f4c6fc9fef909
01_당근_공고_게시/01_현재_사이트_사진/08_모든요일_하루2시간.png,사진,152727,9c94c7e2c9dd929faa94f6b0b64657cfe5ca8af228e0cae6fbdbc37a9a46f256
01_당근_공고_게시/01_현재_사이트_사진/09_시급_입력.png,사진,164786,120750b7fbb9ead8bce7b5d67d90cebc84260a215656cfc5f19c33f8aa57a2f1
01_당근_공고_게시/01_현재_사이트_사진/10_동네인증_장소_선택.png,사진,1090494,99c7e6feda9f2b0af5ec5b4e19a514376ca7395112c1ee73840a2410226a92ff
01_당근_공고_게시/01_현재_사이트_사진/11_내용확인_작성완료.png,사진,184150,5af5ef5cb3f491bf75710911c7496e6538d00eadf261d6d08d8959ac70c73a16
01_당근_공고_게시/02_사이트에_보관된_영상/당근_공고게시_안드로이드_기존영상.mp4,동영상,16048346,1917e533f9ed85240d38fa9886a5abdd9a745219e87160895ec20c009882b6b5
01_당근_공고_게시/02_사이트에_보관된_영상/당근_글올리기_기존안내영상.mp4,동영상,29602809,b1e4af81e926cb9bfefafe6718091cb7ce0b73edbd34dd3021bbf49102c77420
01_당근_공고_게시/02_사이트에_보관된_영상/당근_동네인증_기존안내영상.mp4,동영상,9192187,d1afb5c3916ce978cf4ce3d901e3cfaf8b02fe39556bc1ac7d1196197230ad47
01_당근_공고_게시/04_이전버전_사진/01_안드로이드_당근홈_글쓰기.png,사진,1175991,497eae4062c29167ee8e06bf43ac22c9dbeae5998183cf54a6195d1b9389f974
01_당근_공고_게시/04_이전버전_사진/02_안드로이드_가사청소정리.png,사진,282814,73cff413715ed1d2d5a5120337736eed076ee2791835c029324edca0274af45f
01_당근_공고_게시/04_이전버전_사진/03_안드로이드_근무날짜.png,사진,218582,9a9954c9e44875de7a4cc4498724579edcfe6515ae2674da70902f6178ad3df0
01_당근_공고_게시/04_이전버전_사진/04_안드로이드_시급입력.png,사진,339949,14dbcb2719422340bd16b09e195d6f66cb0f958ed70dcd4a30c48233d75016b4
01_당근_공고_게시/04_이전버전_사진/05_안드로이드_장소입력.png,사진,548927,151103f1b39248f4897f4152509f6f7d35b1adf4b6c4325c7f35dd610846c12e
01_당근_공고_게시/04_이전버전_사진/06_안드로이드_최종확인.png,사진,479296,8447ef02cc08debe82629d31fc362077c5794d03e5f06f3792b409d110db76b6
01_당근_공고_게시/04_이전버전_사진/게시메뉴_제목_본문_이전화면모음.png,사진,1270073,5b74e9dc622b2b8619895baab00a5236c5575717c715517094d2d182ed891cad
01_당근_공고_게시/05_홍보와_이전안내_이미지/공고_게시글작성_삽화.png,사진,965148,e75d4b17fcddcc675126edecca01bad9f6be7a802fcc933530078d0e3dbfe11b
01_당근_공고_게시/05_홍보와_이전안내_이미지/공고템플릿_복사_삽화.png,사진,836009,fdb03d9a4674e182d11b94a492ba5550446cd5da685522fe7577c30b48142873
02_게시글_링크_담당자_전달/01_현재_사이트_사진/01_나의당근_내공고_열기.png,사진,1017708,afa10d548e3e52b2ee1caa77bc574eb42e11f4b986a80b1e92dc91c4539b1e5e
02_게시글_링크_담당자_전달/01_현재_사이트_사진/02_공유_링크복사_담당자문자_화면모음.png,사진,1510176,c14502b269eb202a1f98c960d26d3f6ad84ef4f2b5ada571333ebce2ba4cc3e0
02_게시글_링크_담당자_전달/05_홍보와_이전안내_이미지/게시글_캡처인증_기존예시사진.jpg,사진,87825,b5ea16c374c527dbbb60b34db1f4e41b1db586db7418d11648f4c0f9c766cc7a
02_게시글_링크_담당자_전달/05_홍보와_이전안내_이미지/첫글_게시글캡처_이전예시.png,사진,1058464,fbdf31aaac3c3029ebc4c2a00a89a468ca7efc121190612ae137a7c960a813d5
02_게시글_링크_담당자_전달/05_홍보와_이전안내_이미지/첫글_인증제출_이전삽화.png,사진,832288,4a9582ac00f7ed02918b8ee2a9444b67126e4cfebab6854b4e1d29ea321e297d
02_게시글_링크_담당자_전달/05_홍보와_이전안내_이미지/첫글_전체화면캡처인증_이전안내.png,사진,1098625,477c176857686ebbe1f04edc44625452d6c184434c2045b4fb1510e83e7a63fd
02_게시글_링크_담당자_전달/05_홍보와_이전안내_이미지/첫글_캡처인증절차_이전안내_1안.png,사진,954605,bb6ccd8dd215d993d956e0dc9e6681f7a23fbe3aa4d743b839c8ebf78186facd
02_게시글_링크_담당자_전달/05_홍보와_이전안내_이미지/첫글_캡처인증절차_이전안내_2안.png,사진,881492,37729d34698456eaf46ef8d1c31696cb561397482c7accceb25f01ddf35bbd71
03_지원자_확인과_채팅/01_현재_사이트_사진/01_나의당근_내공고_열기.png,사진,1017708,afa10d548e3e52b2ee1caa77bc574eb42e11f4b986a80b1e92dc91c4539b1e5e
03_지원자_확인과_채팅/01_현재_사이트_사진/02_내공고_지원자보기_누르기.png,사진,1204731,2e1a9dbacd1f0c6bb84e5662ac864332ecda60a999200eea08f3ad4213306e20
03_지원자_확인과_채팅/01_현재_사이트_사진/03_지원자목록_지원자선택.png,사진,972104,cebaf275196171efccce83cda3585d3c198d928e467b4cb53bfe8dffff5505e8
03_지원자_확인과_채팅/01_현재_사이트_사진/05_지원자상세_채팅하기.png,사진,928279,ac95271acd50bd7182dd0611cd017ee905d7d63bc1e55f74fef83ff6ee703d61
03_지원자_확인과_채팅/01_현재_사이트_사진/06_지원자응대_채팅창_화면모음.png,사진,1347709,0e827426cd7d02cc507d62d06f345f5fe1259a0e92b11be2465321d7ba59d47b
03_지원자_확인과_채팅/02_사이트에_보관된_영상/지원자응대_미소친구등록_기존안내영상.mp4,동영상,5623132,f14963e458e7412b082950ddcc73ccf842894521a8717b7c589f214becde4d8d
04_외국인_비자_확인/01_현재_사이트_사진/01_지원자상세_F6_취업비자확인.png,사진,1255306,8195a83305df538ade66ea803b85f237474ad7e7d8bef9670f4728420585c87f
05_미소_초대링크_복사/01_현재_사이트_사진/01_친구추천_초대링크복사_전체화면모음.png,사진,1271983,4f27c1e18752f4c911062f4c20402c34e3e170d3a1e5f6dd085280c3c189504a
05_미소_초대링크_복사/02_사이트에_보관된_영상/미소_내전용링크발급_기존안내영상.mp4,동영상,17480563,f090b5fb0846c05b6cd74c1423f2c5c2e4a5dd983d5bb2045dd08d4abddd7700
05_미소_초대링크_복사/02_사이트에_보관된_영상/미소_친구추천_초대링크복사_영상.mp4,동영상,5589728,dcb30363d56870345ca1470edb8587a4045d0653ef9a8bd325d78e6f616baae3
05_미소_초대링크_복사/04_이전버전_사진/초대링크복사_이전편집본.png,사진,886950,bef0c299e829b6a98eab5635030c65f0f74c945aa09905b0236cfd087ef8269e
06_기존_블로그와_맘카페/02_사이트에_보관된_영상/맘카페_게시가이드_기존편집영상.mp4,동영상,11019414,738a05f87e87af0951e9b3813078cc27aff342bab2ab057b5775ebab505f2c19
06_기존_블로그와_맘카페/02_사이트에_보관된_영상/블로그_게시가이드_기존편집영상.mp4,동영상,6542182,cb9ca9cfafd12f88a31cca83850b78f490efa3903075ef6a6b15e741c7eca1c0
06_기존_블로그와_맘카페/02_사이트에_보관된_영상/블로그_글업로드_기존안내영상.mp4,동영상,8579912,5beb325d492465af1a928ec61264bfc4325425064abedb35d84ece1b772733a0
06_기존_블로그와_맘카페/02_사이트에_보관된_영상/블로그_기존안내영상_0426버전.mp4,동영상,28100853,be3388fafe5c52820751a593be543a4d85a6512474181c50d81e6beb5ba613f1
07_홈화면과_홍보_이미지/05_홍보와_이전안내_이미지/상담전화_안내_삽화.png,사진,1274968,ec46878bd827aad3cf9fade9886c09ddb391e04c8877843512aa5df1f3fe7c58
07_홈화면과_홍보_이미지/05_홍보와_이전안내_이미지/소개활동_방법안내_삽화.png,사진,1096200,5713288192a31f1ba3bbb7692470e74eb3ecbca3ac2c3223eb5fdec6c0bac7cc
07_홈화면과_홍보_이미지/05_홍보와_이전안내_이미지/소개활동_수익흐름_1안.png,사진,1073718,b040b61c5b281780f50e3ed6ea0405d4e4adc25e31745e5362a8dbab4766c1dd
07_홈화면과_홍보_이미지/05_홍보와_이전안내_이미지/소개활동_수익흐름_2안.png,사진,993687,1c76d180b1f8f6c050207b5e4d9629cd1d64d80ef9c94673d860cba15e4970dd
07_홈화면과_홍보_이미지/05_홍보와_이전안내_이미지/소개활동_수익흐름_3안.png,사진,1147120,f5c8dfa9205cfde14e87d4c68a1967054926782ae300db6361ca5eeb265a2b7a
07_홈화면과_홍보_이미지/05_홍보와_이전안내_이미지/수익사례_인포그래픽_1안.png,사진,1348902,7380d92dfa0bfd124649feaa0a27377072113d4c0034aa55e084e7479c6b6924
07_홈화면과_홍보_이미지/05_홍보와_이전안내_이미지/수익사례_인포그래픽_2안.png,사진,1402363,3e80cfe7c433be73bfd331241e63cc1eede8eda1e09299928b7947ec027932cb
07_홈화면과_홍보_이미지/05_홍보와_이전안내_이미지/정산완료_메인이미지_이전안.png,사진,1196231,2b8b2c709922531419052f2c6efb1b16a28cf8add04d4269da6f91056583523f
07_홈화면과_홍보_이미지/05_홍보와_이전안내_이미지/정산완료_미소파트너_현재홈이미지.png,사진,1078510,1c110a14654ab59958371fdea6527cc7bc2e1b5ac262ec4ef060e31bbcdf60bb
07_홈화면과_홍보_이미지/05_홍보와_이전안내_이미지/청소근무_삽화.png,사진,930416,4642fc6d44ad902ca93067ded8f5f245d3867bd306fa36b6139a57b4f4fd3280
07_홈화면과_홍보_이미지/05_홍보와_이전안내_이미지/친구소개_수익안내_삽화.png,사진,1362138,d16bd452376d8aeabd599fc2c95796a1d9ea55fdd41a63b9ade71c39d81dc363
07_홈화면과_홍보_이미지/05_홍보와_이전안내_이미지/친구소개_확산_삽화.png,사진,1030229,cbd6e7785a29a32477f6a5d15e5d64e22240f17bb989594f0a4868ab2b6f8d53
